debug_assertions=true,viewport=240x80,fixture=dense-cjk-emoji-markdown
operation,messages,prepared_rows,median_ms
prepare_only,10,501,1.2371
prepared_clone,10,501,1.2000
cached_render,10,501,1.2506
scrollbar_only,10,501,0.3182
hover_event_prepare_render,10,501,1.2817
tick_prepare_render,10,501,1.2463
wheel_prepare_render,10,501,1.5603
thumb_drag_prepare_render,10,501,1.2493
prepare_only,50,2501,6.7147
prepared_clone,50,2501,6.9126
cached_render,50,2501,1.2594
scrollbar_only,50,2501,0.3158
hover_event_prepare_render,50,2501,1.2434
tick_prepare_render,50,2501,1.2527
wheel_prepare_render,50,2501,1.5030
thumb_drag_prepare_render,50,2501,1.2437
prepare_only,200,10001,31.3174
prepared_clone,200,10001,29.8597
cached_render,200,10001,1.3077
scrollbar_only,200,10001,0.3173
hover_event_prepare_render,200,10001,1.2391
tick_prepare_render,200,10001,1.2578
wheel_prepare_render,200,10001,1.4628
thumb_drag_prepare_render,200,10001,1.2501
live_text_1000_bytes,0,42,1.2105
live_text_16000_bytes,0,588,7.9003
live_text_64000_bytes,0,2343,28.9451
live_reasoning_64000_bytes,0,6,18.0439
live_text_1000_bytes,200,10042,34.5923
