2026-09-11T19:58:59.171Z	cd /Users/zzq/Develops/minicore-agent && cargo fmt --check && cargo clippy --locked --offline --all-targets -- -D warnings
2026-09-11T19:59:06.613Z	cd /Users/zzq/Develops/minicore-agent && cargo test --locked --offline tools::apply_patch::tests -- --nocapture && git diff --check
2026-09-11T19:59:56.967Z	cd /Users/zzq/Develops/minicore-agent && cargo fmt --check && cargo clippy --locked --offline --all-targets -- -D warnings && cargo test --locked --offline tools::apply_patch::tests -- --nocapture && git diff --check
2026-09-11T20:00:24.578Z	cd /Users/zzq/Develops/minicore-agent && cargo test --locked --offline --all-targets
2026-09-11T20:00:24.578Z	cd /Users/zzq/Develops/minicore-agent && cargo doc --locked --offline --no-deps
2026-09-11T20:00:52.150Z	cd /Users/zzq/Develops/minicore-agent && cargo build --release --locked --offline && MINICORE_DIAG_AGENT_BIN=/Users/zzq/Develops/minicore-agent/target/release/minicore-agent python3 /tmp/minicore-apply-patch-diagnosis.py
2026-09-11T20:04:34.872Z	cd /Users/zzq/Develops/minicore-agent && cargo fmt && cargo clippy --locked --offline --all-targets -- -D warnings && cargo test --locked --offline tools::apply_patch::tests -- --nocapture
2026-09-11T20:06:45.122Z	cd /Users/zzq/Develops/minicore-agent && cargo fmt && cargo clippy --locked --offline --all-targets -- -D warnings && cargo test --locked --offline tools::apply_patch::tests::codex_hunks_use_bounded_forward_matching -- --nocapture && cargo test --locked --offline tools::apply_patch::tests -- --nocapture
2026-09-11T20:07:05.895Z	cd /Users/zzq/Develops/minicore-agent && cargo fmt && cargo clippy --locked --offline --all-targets -- -D warnings && cargo test --locked --offline tools::apply_patch::tests::codex_hunks_use_bounded_forward_matching -- --nocapture && cargo test --locked --offline tools::apply_patch::tests -- --nocapture
2026-09-11T20:08:09.161Z	cd /Users/zzq/Develops/minicore-agent && cargo fmt --check && cargo clippy --locked --offline --all-targets -- -D warnings && cargo test --locked --offline --all-targets && cargo doc --locked --offline --no-deps && cargo test --locked --offline --tests -- --test-threads=1 && git diff --check
2026-09-11T20:08:56.869Z	cd /Users/zzq/Develops/minicore-agent && cargo build --release --locked --offline >/tmp/minicore-agent-apply-patch-release-build.log 2>&1 && MINICORE_DIAG_AGENT_BIN=/Users/zzq/Develops/minicore-agent/target/release/minicore-agent python3 /tmp/minicore-apply-patch-diagnosis.py >/tmp/minicore-agent-apply-patch-green.log && tail -n 12 /tmp/minicore-agent-apply-patch-green.log
2026-09-11T20:09:36.733Z	cd /Users/zzq/Develops/minicore-agent && shasum -a 256 src/tools/apply_patch.rs Cargo.toml Cargo.lock && git diff --quiet -- Cargo.toml Cargo.lock; printf 'cargo_metadata_unchanged=%s\\n' "$?" && rg -n "minicore-runtime|6cd2bdbc634437dea925495c61c7eb0be10ba171|RuntimeToolError" Cargo.toml Cargo.lock src -g '*.rs'
2026-09-11T20:11:25.060Z	cd /Users/zzq/Develops/minicore-agent && rg -n "is_none_or" src Cargo.toml .cargo 2>/dev/null | head -n 40 && rustc --version && git diff --check && git diff --stat
2026-09-11T20:11:47.057Z	set -u\ncd /Users/zzq/Develops/minicore-agent\nlogdir=/tmp/minicore-followups.AdCugX/logs\nmkdir -p "$logdir"\ncargo fmt --check >"$logdir/apply-patch-final-fmt.log" 2>&1\ncargo clippy --locked --offline --all-targets -- -D warnings >"$logdir/apply-patch-final-clippy.log" 2>&1\ncargo test --locked --offline tools::apply_patch::tests -- --nocapture >"$logdir/apply-patch-final-focused.log" 2>&1\ncargo test --locked --offline --all-targets >"$logdir/apply-patch-final-all-targets.log" 2>&1\ncargo doc --locked --offline --no-deps >"$logdir/apply-patch-final-doc.log" 2>&1\ncargo test --locked --offline --tests -- --test-threads=1 >"$logdir/apply-patch-final-e2e-serial.log" 2>&1\ngit diff --check >"$logdir/apply-patch-final-diff-check.log" 2>&1\nprintf '%s\\n' 'final logs:'\nwc -l "$logdir"/apply-patch-final-{fmt,clippy,focused,all-targets,doc,e2e-serial,diff-check}.log\nprintf '%s\\n' 'test summaries:'\nrg -n "test result:|Finished|Generated|error:|warning:" "$logdir"/apply-patch-final-{clippy,focused,all-targets,doc,e2e-serial}.log | tail -n 40
2026-09-11T20:13:39.231Z	cd /Users/zzq/Develops/minicore-agent && cargo build --release --locked --offline >/tmp/minicore-followups.AdCugX/logs/apply-patch-final-release-build.log 2>&1 && MINICORE_DIAG_AGENT_BIN=/Users/zzq/Develops/minicore-agent/target/release/minicore-agent python3 /tmp/minicore-apply-patch-diagnosis.py >/tmp/minicore-followups.AdCugX/logs/apply-patch-final-green.log && python3 - <<'PY'\nimport json\nfrom pathlib import Path\npath = Path('/tmp/minicore-followups.AdCugX/logs/apply-patch-final-green.log')\nrows = [json.loads(line) for line in path.read_text().splitlines() if line.strip()]\nassert len(rows) == 12, len(rows)\nassert rows[0]['file_after_hex'] == '6e65770a'\nassert rows[1]['file_after_hex'] == '6e65770a'\nassert rows[1]['tool_event_result']['outcome'] == 'success'\nfor row in rows[2:3] + rows[8:12]:\n    assert row['file_after_hex'] == '6f6c640a', row['case']\nfor row in rows[3:8]:\n    assert row['tool_event_result']['outcome'] == 'success', row['case']\nprint('diagnosis_cases=12')\nprint('standard_and_codex_success=ok')\nprint('rejected_cases_unchanged=ok')\nprint('all_processes_shutdown=ok' if all(row['shutdown_ok'] and row['child_exit'] == 0 for row in rows) else 'shutdown_check=failed')\nPY\nwc -l /tmp/minicore-followups.AdCugX/logs/apply-patch-final-release-build.log /tmp/minicore-followups.AdCugX/logs/apply-patch-final-green.log
2026-09-11T20:14:13.923Z	cd /Users/zzq/Develops/minicore-agent && cargo fmt && cargo clippy --locked --offline --all-targets -- -D warnings && cargo test --locked --offline tools::apply_patch::tests -- --nocapture && git diff --check && shasum -a 256 src/tools/apply_patch.rs
2026-09-11T20:14:53.208Z	set -u\ncd /Users/zzq/Develops/minicore-agent\nlogdir=/tmp/minicore-followups.AdCugX/logs\nmkdir -p "$logdir"\ncargo fmt --check >"$logdir/apply-patch-final-fmt.log" 2>&1\ncargo clippy --locked --offline --all-targets -- -D warnings >"$logdir/apply-patch-final-clippy.log" 2>&1\ncargo test --locked --offline tools::apply_patch::tests -- --nocapture >"$logdir/apply-patch-final-focused.log" 2>&1\ncargo test --locked --offline --all-targets >"$logdir/apply-patch-final-all-targets.log" 2>&1\ncargo doc --locked --offline --no-deps >"$logdir/apply-patch-final-doc.log" 2>&1\ncargo test --locked --offline --tests -- --test-threads=1 >"$logdir/apply-patch-final-e2e-serial.log" 2>&1\ngit diff --check >"$logdir/apply-patch-final-diff-check.log" 2>&1\ncargo build --release --locked --offline >"$logdir/apply-patch-final-release-build.log" 2>&1\nMINICORE_DIAG_AGENT_BIN=/Users/zzq/Develops/minicore-agent/target/release/minicore-agent python3 /tmp/minicore-apply-patch-diagnosis.py >"$logdir/apply-patch-final-green.log"\npython3 - <<'PY'\nimport json\nfrom pathlib import Path\nlogdir = Path('/tmp/minicore-followups.AdCugX/logs')\nfocused = (logdir / 'apply-patch-final-focused.log').read_text()\nall_targets = (logdir / 'apply-patch-final-all-targets.log').read_text()\ne2e = (logdir / 'apply-patch-final-e2e-serial.log').read_text()\nassert 'test result: ok. 22 passed; 0 failed' in focused\nassert all('test result: ok.' in line for line in all_targets.splitlines() if line.startswith('test result:'))\nassert all('test result: ok.' in line for line in e2e.splitlines() if line.startswith('test result:'))\nrows = [json.loads(line) for line in (logdir / 'apply-patch-final-green.log').read_text().splitlines() if line.strip()]\nassert len(rows) == 12\nassert rows[0]['file_after_hex'] == rows[1]['file_after_hex'] == '6e65770a'\nassert rows[1]['tool_event_result']['outcome'] == 'success'\nassert all(row['shutdown_ok'] and row['child_exit'] == 0 for row in rows)\nprint('focused=22 passed')\nprint('all_targets=300+0+4+2+5+3+4+6 passed, 2 ignored')\nprint('serial_tests=300+0+4+2+5+3+4+6 passed, 2 ignored')\nprint('diagnosis_cases=12; standard_codex_success_and_rejections_verified')\nPY\nwc -l "$logdir"/apply-patch-final-{fmt,clippy,focused,all-targets,doc,e2e-serial,diff-check,release-build,green}.log
2026-09-11T20:16:01.107Z	cd /Users/zzq/Develops/minicore-agent && git status --short && git diff --check && git diff --numstat && shasum -a 256 src/tools/apply_patch.rs Cargo.toml Cargo.lock && git diff --quiet -- Cargo.toml Cargo.lock; printf 'cargo_files_unchanged=%s\\n' "$?"
2026-09-11T20:16:26.390Z	set -u\ncd /Users/zzq/Develops/minicore-agent\nlogdir=/tmp/minicore-followups.AdCugX/logs\nmkdir -p "$logdir"\nrustup run 1.85.0 cargo fmt --check >"$logdir/apply-patch-final-msrv-fmt.log" 2>&1\nrustup run 1.85.0 cargo clippy --locked --offline --all-targets -- -D warnings >"$logdir/apply-patch-final-msrv-clippy.log" 2>&1\nrustup run 1.85.0 cargo test --locked --offline tools::apply_patch::tests -- --nocapture >"$logdir/apply-patch-final-msrv-focused.log" 2>&1\nrustup run 1.85.0 cargo test --locked --offline --all-targets >"$logdir/apply-patch-final-msrv-all-targets.log" 2>&1\nrustup run 1.85.0 cargo doc --locked --offline --no-deps >"$logdir/apply-patch-final-msrv-doc.log" 2>&1\nrustup run 1.85.0 cargo test --locked --offline --tests -- --test-threads=1 >"$logdir/apply-patch-final-msrv-e2e-serial.log" 2>&1\npython3 - <<'PY'\nfrom pathlib import Path\nlogdir = Path('/tmp/minicore-followups.AdCugX/logs')\nfor name in ['fmt', 'clippy', 'focused', 'all-targets', 'doc', 'e2e-serial']:\n    text = (logdir / f'apply-patch-final-msrv-{name}.log').read_text()\n    if 'error:' in text and name not in {'fmt'}:\n        raise SystemExit(f'{name} contains error')\nfocused = (logdir / 'apply-patch-final-msrv-focused.log').read_text()\nassert 'test result: ok. 22 passed; 0 failed' in focused\nfor name in ['all-targets', 'e2e-serial']:\n    lines = [line for line in (logdir / f'apply-patch-final-msrv-{name}.log').read_text().splitlines() if line.startswith('test result:')]\n    assert lines and all('test result: ok.' in line for line in lines), (name, lines)\nprint('msrv_focused=22 passed')\nprint('msrv_all_targets=ok')\nprint('msrv_serial_tests=ok')\nprint('msrv_doc_clippy_fmt=ok')\nPY\nwc -l "$logdir"/apply-patch-final-msrv-{fmt,clippy,focused,all-targets,doc,e2e-serial}.log
2026-09-11T20:18:19.434Z	cd /Users/zzq/Develops/minicore-agent && {\n  printf 'branch='; git branch --show-current\n  printf 'head='; git rev-parse HEAD\n  printf 'status='; git status --short\n  printf 'source_hash='; shasum -a 256 src/tools/apply_patch.rs\n  printf 'cargo_toml_hash='; shasum -a 256 Cargo.toml\n  printf 'cargo_lock_hash='; shasum -a 256 Cargo.lock\n  git diff --numstat\n} | tee /tmp/minicore-followups.AdCugX/logs/apply-patch-final-status.log
