profile=debug,viewport=100x40,bytes_per_message=1068
operation,messages,prepared_rows,median_ms
prepare_only,10,421,0.2508
prepared_clone,10,421,0.2294
cached_render,10,421,2.7009
scrollbar_only,10,421,0.6991
hover_event_prepare_render,10,421,2.6121
tick_prepare_render,10,421,2.4934
wheel_prepare_render,10,421,2.6152
thumb_drag_prepare_render,10,421,2.4857
prepare_only,50,2101,1.2659
prepared_clone,50,2101,1.2888
cached_render,50,2101,2.4976
scrollbar_only,50,2101,0.6706
hover_event_prepare_render,50,2101,2.5217
tick_prepare_render,50,2101,2.4963
wheel_prepare_render,50,2101,2.5011
thumb_drag_prepare_render,50,2101,2.3884
prepare_only,200,8401,5.7233
prepared_clone,200,8401,5.2523
cached_render,200,8401,2.5698
scrollbar_only,200,8401,0.6476
hover_event_prepare_render,200,8401,2.4830
tick_prepare_render,200,8401,2.5088
wheel_prepare_render,200,8401,2.4633
thumb_drag_prepare_render,200,8401,2.3776
live_text_1000_bytes,0,45,2.6232
live_text_16000_bytes,0,633,6.6728
live_text_64000_bytes,0,2523,18.7316
live_reasoning_64000_bytes,0,6,15.9082
live_text_1000_bytes,200,8445,8.6720
