profile=release,viewport=100x40,bytes_per_message=1068
operation,messages,prepared_rows,median_ms
prepare_only,10,421,0.0964
prepared_clone,10,421,0.0905
cached_render,10,421,0.1959
scrollbar_only,10,421,0.0504
hover_event_prepare_render,10,421,0.2003
tick_prepare_render,10,421,0.1974
wheel_prepare_render,10,421,0.2131
thumb_drag_prepare_render,10,421,0.1952
prepare_only,50,2101,0.5365
prepared_clone,50,2101,0.4845
cached_render,50,2101,0.1913
scrollbar_only,50,2101,0.0480
hover_event_prepare_render,50,2101,0.1929
tick_prepare_render,50,2101,0.1928
wheel_prepare_render,50,2101,0.2106
thumb_drag_prepare_render,50,2101,0.1927
prepare_only,200,8401,2.3138
prepared_clone,200,8401,2.2981
cached_render,200,8401,0.1964
scrollbar_only,200,8401,0.0503
hover_event_prepare_render,200,8401,0.1954
tick_prepare_render,200,8401,0.2001
wheel_prepare_render,200,8401,0.2134
thumb_drag_prepare_render,200,8401,0.1955
live_text_1000_bytes,0,45,0.2209
live_text_16000_bytes,0,633,0.7252
live_text_64000_bytes,0,2523,2.3366
live_reasoning_64000_bytes,0,6,2.7219
live_text_1000_bytes,200,8445,2.8730
